Model,Best CV F1,Test Accuracy,Test F1
Decision Tree,0.7325179278099734,0.7231638418079096,0.724157616815017
Logistic Regression,0.7689435501802503,0.768361581920904,0.7577221067969206
KNN,0.6989994443093808,0.7186440677966102,0.6986108433440625
