Model,CV F1,Test Accuracy,Test F1
Decision Tree,0.7325179278099734,0.7231638418079096,0.724157616815017
Decision Tree (FE),0.7447765343950079,0.7570621468926554,0.7470973382106353
Logistic Regression,0.7689435501802503,0.768361581920904,0.7577221067969206
Logistic Regression (FE),0.7682262254690289,0.768361581920904,0.7563009489847309
KNN,0.6989994443093808,0.7186440677966102,0.6986108433440625
KNN (FE),0.7301771814732779,0.7480225988700565,0.7328468840258765
